,precision,recall,f1-score,support
Carambola,1.0,1.0,1.0,24.0
Pitaya,1.0,1.0,1.0,30.0
apple,0.9705882352941176,1.0,0.9850746268656716,33.0
banana,1.0,0.9285714285714286,0.962962962962963,28.0
cardboard,0.7741935483870968,0.7741935483870968,0.7741935483870968,31.0
compost,0.7619047619047619,1.0,0.8648648648648648,16.0
glass,0.62,0.6595744680851063,0.6391752577319586,47.0
kiwi,1.0,1.0,1.0,28.0
mango,0.975,1.0,0.9873417721518987,39.0
metal,0.6829268292682927,0.7368421052631579,0.7088607594936709,38.0
orange,1.0,1.0,1.0,30.0
paper,0.8048780487804879,0.868421052631579,0.8354430379746836,38.0
peach,1.0,1.0,1.0,37.0
plastic,0.868421052631579,0.66,0.7500000000000001,50.0
tamotoes,1.0,1.0,1.0,25.0
trash,0.38461538461538464,0.3333333333333333,0.3571428571428571,15.0
accuracy,0.8683693516699411,0.8683693516699411,0.8683693516699411,0.8683693516699411
macro avg,0.8651579913051075,0.8725584960169814,0.8665662304734791,509.0
weighted avg,0.8705535495517592,0.8683693516699411,0.8671837266711874,509.0
